TCCGGAGCGC	sample_3
CTAACACGGC	sample_5
AGCTTCGATT	sample_6
TCGCCGCAAT	sample_8
TCAGTTCCGG	sample_10
CGGAAGTGAG	sample_11
GTTGCTAGAC	sample_13
AATAGATTCA	sample_15
AGCTGATACA	sample_17
ATCAGTAGAA	sample_18
TCGTCTTAGT	sample_20
GCTCAGCCAG	sample_22
CGGCTACTTC	sample_25
CAAGCCGGTT	sample_30
TTGCGCAAGC	sample_31
TACGATGGAG	sample_32
GCAATATACA	sample_33
AAGAATTCGG	sample_34
TCGGCAGTCG	sample_36
AGTTCCATTG	sample_37
TTCTTGCGCT	sample_38
AGCAATCTAA	sample_43
GAATTGTCGC	sample_47
CTTCGACATA	sample_48
GAGATATGGT	sample_51
CTCCTTGGAG	sample_53
GTGTCTCTTG	sample_63
TGCAGTTATC	sample_64
TTCTGGAATA	sample_74
ACGCAACACA	sample_82
ACTGCCTCAA	sample_84
ACATCAATAT	sample_87
CCTCTTATCA	sample_92
TATCGTTAGT	sample_95
TAGTGCGGTC	sample_99
GGCCGGTAAC	sample_103
AGGAACCTCG	sample_105
TTATCCGTAG	sample_112
CGCTATACGG	sample_116
CACGCAACGA	sample_120
TGTCCTAGGA	sample_121
ATCCGTCTAC	sample_131
GGACTCACGG	sample_132
GCGTCCTGCC	sample_136
ACTTGACCGG	sample_142
AATGGTGACT	sample_117
CTAACAGTAT	sample_118
TCATAGGCTA	FGXCONTROL
GCTGCACGGT	EMPTY-A07
GCCGCAATGC	EMPTY-B07
CGCTTCTCTG	EMPTY-C07
CTCATTAACC	EMPTY-D07
TTGATGGTGC	EMPTY-E07
CAACATGAAG	EMPTY-F07
ATGAAGGCAG	EMPTY-G07
GATGGACTAA	EMPTY-H07
GCATGGAGGT	EMPTY-A08
GTATATCCAC	EMPTY-B08
CGTACCTTGC	EMPTY-C08
TATCGCGGAG	EMPTY-D08
CATGCATACT	EMPTY-E08
TCACTGAGAA	EMPTY-F08
ATCCATAAGA	EMPTY-G08
CTGTTAGATT	EMPTY-H08
TAACTGGTAC	EMPTY-A09
GCCGGTGATT	EMPTY-B09
AGACGAATAG	EMPTY-C09
GGTCATTGTA	EMPTY-D09
CGGTCGTTAC	EMPTY-E09
GACGGACAGG	EMPTY-F09
ATTGCCACCG	EMPTY-G09
CAGAACCAGC	EMPTY-H09
GCTGTGCAGA	EMPTY-A10
AAGACCAATC	EMPTY-B10
CGCGCGGCTG	EMPTY-C10
GCATGAGGCG	EMPTY-D10
TGACGGTGAT	EMPTY-E10
CTTACCGGAG	EMPTY-F10
ACACACATCA	EMPTY-G10
TGTTGTCCGC	EMPTY-H10
ATCCGCGACG	EMPTY-A11
AAGTCGAGTA	EMPTY-B11
CCAATCAAGA	EMPTY-C11
TGAGCCAGCT	EMPTY-D11
TCTAGAGAAG	EMPTY-E11
GCCGAGGTGA	EMPTY-F11
GGTGAGTCGG	EMPTY-G11
CTTATTCTAC	EMPTY-H11
CAAGAGACGT	EMPTY-A12
GCACGTCTCC	EMPTY-B12
GTGCTCTCTA	EMPTY-C12
GCGTCAGATG	EMPTY-D12
AATGAATCAG	EMPTY-E12
ATTAGGAGGC	EMPTY-F12
TTCTTCAGAC	EMPTY-G12
CGCACTTGAT	EMPTY-H12
