TCCGGAGCGC	sample_1
CTAACACGGC	sample_2
AGCTTCGATT	sample_4
TCGCCGCAAT	sample_7
TCAGTTCCGG	sample_9
CGGAAGTGAG	sample_12
GTTGCTAGAC	sample_14
AATAGATTCA	sample_16
AGCTGATACA	sample_19
ATCAGTAGAA	sample_21
TCGTCTTAGT	sample_23
GCTCAGCCAG	sample_24
CGGCTACTTC	sample_26
CAAGCCGGTT	sample_27
TTGCGCAAGC	sample_28
TACGATGGAG	sample_29
GCAATATACA	sample_35
AAGAATTCGG	sample_39
TCGGCAGTCG	sample_40
AGTTCCATTG	sample_41
TTCTTGCGCT	sample_42
AGCAATCTAA	sample_44
GAATTGTCGC	sample_45
CTTCGACATA	sample_46
GAGATATGGT	sample_49
CTCCTTGGAG	sample_50
GTGTCTCTTG	sample_52
TGCAGTTATC	sample_54
TTCTGGAATA	sample_55
ACGCAACACA	sample_56
ACTGCCTCAA	sample_57
ACATCAATAT	sample_58
CCTCTTATCA	sample_59
TATCGTTAGT	sample_60
TAGTGCGGTC	sample_61
GGCCGGTAAC	sample_62
AGGAACCTCG	sample_65
TTATCCGTAG	sample_66
CGCTATACGG	sample_67
CACGCAACGA	sample_68
TGTCCTAGGA	sample_69
ATCCGTCTAC	sample_70
GGACTCACGG	sample_72
GCGTCCTGCC	sample_73
ACTTGACCGG	sample_75
AATGGTGACT	sample_76
CTAACAGTAT	sample_77
TCATAGGCTA	sample_78
GCTGCACGGT	sample_79
GCCGCAATGC	sample_80
CGCTTCTCTG	sample_81
CTCATTAACC	sample_83
TTGATGGTGC	sample_85
CAACATGAAG	sample_86
ATGAAGGCAG	sample_88
GATGGACTAA	sample_89
GCATGGAGGT	sample_90
GTATATCCAC	sample_91
CGTACCTTGC	sample_93
TATCGCGGAG	sample_96
CATGCATACT	sample_97
TCACTGAGAA	sample_98
ATCCATAAGA	sample_100
CTGTTAGATT	sample_101
TAACTGGTAC	sample_94
GCCGGTGATT	sample_102
AGACGAATAG	sample_104
GGTCATTGTA	sample_106
CGGTCGTTAC	sample_107
GACGGACAGG	sample_108
ATTGCCACCG	sample_109
CAGAACCAGC	sample_110
GCTGTGCAGA	sample_111
AAGACCAATC	sample_113
CGCGCGGCTG	sample_114
GCATGAGGCG	sample_119
TGACGGTGAT	sample_122
CTTACCGGAG	sample_123
ACACACATCA	sample_125
TGTTGTCCGC	sample_126
ATCCGCGACG	sample_127
AAGTCGAGTA	sample_128
CCAATCAAGA	sample_129
TGAGCCAGCT	sample_130
TCTAGAGAAG	sample_133
GCCGAGGTGA	sample_134
GGTGAGTCGG	sample_135
CTTATTCTAC	sample_137
CAAGAGACGT	sample_138
GCACGTCTCC	sample_139
GTGCTCTCTA	sample_140
GCGTCAGATG	sample_141
AATGAATCAG	sample_115
ATTAGGAGGC	sample_124
TTCTTCAGAC	sample_71
CGCACTTGAT	FGXCONTROL
